distance,facing,jumpDelay,attackDelay,cancelFrame,forwardInput,result,playerMax,enemyMax,startDx,startDy,hit1Dx,hit1Dy,hit2Dx,hit2Dy,finishDx,finishDy
0.8,1,0,0,5,0,PASS,2.258334,2.059333,0.862,0.742,0.862,0.732,0.835,0.711,0.860,0.695
0.8,1,0,0,5,1,PASS,2.258334,2.059333,0.862,0.742,0.745,0.732,0.485,0.711,0.160,0.695
0.8,1,0,0,8,0,PASS,2.454251,2.521833,0.862,0.742,0.862,0.732,0.835,0.696,0.860,0.666
0.8,1,0,0,8,1,PASS,2.454251,2.521833,0.862,0.742,0.745,0.732,0.310,0.696,-0.190,0.666
0.8,1,0,0,10,0,PASS,2.567584,2.780166,0.862,0.742,0.862,0.732,0.835,0.686,0.860,0.647
0.8,1,0,0,10,1,Air3 miss,2.567584,3.490165,0.862,0.742,0.745,0.732,0.193,0.686,0,0
0.8,1,0,4,5,0,PASS,2.214779,2.377666,0.862,0.735,0.862,0.736,0.835,0.737,0.860,0.754
0.8,1,0,4,5,1,PASS,2.214779,2.377666,0.628,0.735,0.512,0.736,0.252,0.737,-0.073,0.754
0.8,1,0,4,8,0,PASS,2.378029,2.780166,0.862,0.735,0.862,0.736,0.835,0.739,0.860,0.758
0.8,1,0,4,8,1,Air3 miss,2.378029,3.490165,0.628,0.735,0.512,0.736,0.077,0.739,0,0
0.8,1,0,4,10,0,PASS,2.469584,2.998499,0.862,0.735,0.862,0.736,0.835,0.740,0.860,0.762
0.8,1,0,4,10,1,Air3 miss,2.469584,3.490165,0.628,0.735,0.512,0.736,-0.040,0.740,0,0
0.8,1,0,8,5,0,PASS,2.171223,2.656,0.862,0.750,0.862,0.762,0.835,0.786,0.860,0.836
0.8,1,0,8,5,1,Air3 miss,2.171223,3.490165,0.395,0.750,0.278,0.762,0.018,0.786,0,0
0.8,1,0,8,8,0,PASS,2.301807,2.998499,0.862,0.750,0.862,0.762,0.835,0.804,0.860,0.873
0.8,1,0,8,8,1,Air3 miss,2.301807,3.490165,0.395,0.750,0.278,0.762,-0.157,0.804,0,0
0.8,1,0,8,10,0,PASS,2.371585,3.176832,0.862,0.750,0.862,0.762,0.835,0.816,0.860,0.899
0.8,1,0,8,10,1,Air2 miss,2.426585,3.490165,0.395,0.750,0.278,0.762,0,0,0,0
0.8,1,4,0,5,0,PASS,2.258334,2.059333,0.862,0.742,0.862,0.732,0.835,0.711,0.860,0.695
0.8,1,4,0,5,1,PASS,2.258334,2.059333,0.862,0.742,0.745,0.732,0.485,0.711,0.160,0.695
0.8,1,4,0,8,0,PASS,2.454251,2.521833,0.862,0.742,0.862,0.732,0.835,0.696,0.860,0.666
0.8,1,4,0,8,1,PASS,2.454251,2.521833,0.862,0.742,0.745,0.732,0.310,0.696,-0.190,0.666
0.8,1,4,0,10,0,PASS,2.567584,2.780166,0.862,0.742,0.862,0.732,0.835,0.686,0.860,0.647
0.8,1,4,0,10,1,Air3 miss,2.567584,3.490165,0.862,0.742,0.745,0.732,0.193,0.686,0,0
0.8,1,4,4,5,0,PASS,2.214779,2.377666,0.862,0.735,0.862,0.736,0.835,0.737,0.860,0.754
0.8,1,4,4,5,1,PASS,2.214779,2.377666,0.628,0.735,0.512,0.736,0.252,0.737,-0.073,0.754
0.8,1,4,4,8,0,PASS,2.378029,2.780166,0.862,0.735,0.862,0.736,0.835,0.739,0.860,0.758
0.8,1,4,4,8,1,Air3 miss,2.378029,3.490165,0.628,0.735,0.512,0.736,0.077,0.739,0,0
0.8,1,4,4,10,0,PASS,2.469584,2.998499,0.862,0.735,0.862,0.736,0.835,0.740,0.860,0.762
0.8,1,4,4,10,1,Air3 miss,2.469584,3.490165,0.628,0.735,0.512,0.736,-0.040,0.740,0,0
0.8,1,4,8,5,0,PASS,2.171223,2.656,0.862,0.750,0.862,0.762,0.835,0.786,0.860,0.836
0.8,1,4,8,5,1,Air3 miss,2.171223,3.490165,0.395,0.750,0.278,0.762,0.018,0.786,0,0
0.8,1,4,8,8,0,PASS,2.301807,2.998499,0.862,0.750,0.862,0.762,0.835,0.804,0.860,0.873
0.8,1,4,8,8,1,Air3 miss,2.301807,3.490165,0.395,0.750,0.278,0.762,-0.157,0.804,0,0
0.8,1,4,8,10,0,PASS,2.371585,3.176832,0.862,0.750,0.862,0.762,0.835,0.816,0.860,0.899
0.8,1,4,8,10,1,Air2 miss,2.426585,3.490165,0.395,0.750,0.278,0.762,0,0,0,0
0.8,1,8,0,5,0,PASS,2.269223,2.142667,0.862,0.977,0.862,0.953,0.835,0.907,0.860,0.852
0.8,1,8,0,5,1,PASS,2.269223,2.142667,0.862,0.977,0.745,0.953,0.485,0.907,0.160,0.852
0.8,1,8,0,8,0,PASS,2.473307,2.590166,0.862,0.977,0.862,0.953,0.835,0.873,0.860,0.785
0.8,1,8,0,8,1,PASS,2.473307,2.590166,0.862,0.977,0.745,0.953,0.310,0.873,-0.190,0.785
0.8,1,8,0,10,0,PASS,2.592084,2.8385,0.862,0.977,0.862,0.953,0.835,0.850,0.860,0.741
0.8,1,8,0,10,1,Air3 miss,2.592084,3.490165,0.862,0.977,0.745,0.953,0.193,0.850,0,0
0.8,1,8,4,5,0,PASS,2.225668,2.451,0.862,0.944,0.862,0.932,0.835,0.908,0.860,0.886
0.8,1,8,4,5,1,PASS,2.225668,2.451,0.628,0.944,0.512,0.932,0.252,0.908,-0.073,0.886
0.8,1,8,4,8,0,PASS,2.397084,2.8385,0.862,0.944,0.862,0.932,0.835,0.890,0.860,0.852
0.8,1,8,4,8,1,Air3 miss,2.397084,3.490165,0.628,0.944,0.512,0.932,0.077,0.890,0,0
0.8,1,8,4,10,0,PASS,2.494084,3.046833,0.862,0.944,0.862,0.932,0.835,0.878,0.860,0.830
0.8,1,8,4,10,1,Air3 miss,2.494084,3.490165,0.628,0.944,0.512,0.932,-0.040,0.878,0,0
0.8,1,8,8,5,0,Air3 miss,2.182112,3.490165,0.862,0.933,0.862,0.932,0.835,0.931,0,0
0.8,1,8,8,5,1,Air3 miss,2.182112,3.490165,0.395,0.933,0.278,0.932,0.018,0.931,0,0
0.8,1,8,8,8,0,Air3 miss,2.320862,3.490165,0.862,0.933,0.862,0.932,0.835,0.930,0,0
0.8,1,8,8,8,1,Air3 miss,2.320862,3.490165,0.395,0.933,0.278,0.932,-0.157,0.930,0,0
0.8,1,8,8,10,0,Air3 miss,2.396085,3.490165,0.862,0.933,0.862,0.932,0.835,0.929,0,0
0.8,1,8,8,10,1,Air2 miss,2.456529,3.490165,0.395,0.933,0.278,0.932,0,0,0,0
0.8,1,12,0,5,0,Air1 miss,2.409168,3.490165,0.862,1.405,0,0,0,0,0,0
0.8,1,12,0,5,1,Air1 miss,2.409168,3.490165,0.862,1.405,0,0,0,0,0,0
0.8,1,12,0,8,0,Air1 miss,2.409168,3.490165,0.862,1.405,0,0,0,0,0,0
0.8,1,12,0,8,1,Air1 miss,2.409168,3.490165,0.862,1.405,0,0,0,0,0,0
0.8,1,12,0,10,0,Air1 miss,2.409168,3.490165,0.862,1.405,0,0,0,0,0,0
0.8,1,12,0,10,1,Air1 miss,2.409168,3.490165,0.862,1.405,0,0,0,0,0,0
0.8,1,12,4,5,0,Air1 miss,2.343834,3.490165,0.862,1.332,0,0,0,0,0,0
0.8,1,12,4,5,1,Air1 miss,2.343834,3.490165,0.628,1.332,0,0,0,0,0,0
0.8,1,12,4,8,0,Air1 miss,2.343834,3.490165,0.862,1.332,0,0,0,0,0,0
0.8,1,12,4,8,1,Air1 miss,2.343834,3.490165,0.628,1.332,0,0,0,0,0,0
0.8,1,12,4,10,0,Air1 miss,2.343834,3.490165,0.862,1.332,0,0,0,0,0,0
0.8,1,12,4,10,1,Air1 miss,2.343834,3.490165,0.628,1.332,0,0,0,0,0,0
0.8,1,12,8,5,0,Air1 miss,2.278501,3.490165,0.862,1.282,0,0,0,0,0,0
0.8,1,12,8,5,1,Air1 miss,2.278501,3.490165,0.395,1.282,0,0,0,0,0,0
0.8,1,12,8,8,0,Air1 miss,2.278501,3.490165,0.862,1.282,0,0,0,0,0,0
0.8,1,12,8,8,1,Air1 miss,2.278501,3.490165,0.395,1.282,0,0,0,0,0,0
0.8,1,12,8,10,0,Air1 miss,2.278501,3.490165,0.862,1.282,0,0,0,0,0,0
0.8,1,12,8,10,1,Air1 miss,2.278501,3.490165,0.395,1.282,0,0,0,0,0,0
0.8,-1,0,0,5,0,PASS,2.258334,2.059333,0.862,0.742,0.862,0.732,0.835,0.711,0.860,0.695
0.8,-1,0,0,5,1,PASS,2.258334,2.059333,0.862,0.742,0.745,0.732,0.485,0.711,0.160,0.695
0.8,-1,0,0,8,0,PASS,2.454251,2.521833,0.862,0.742,0.862,0.732,0.835,0.696,0.860,0.666
0.8,-1,0,0,8,1,PASS,2.454251,2.521833,0.862,0.742,0.745,0.732,0.310,0.696,-0.190,0.666
0.8,-1,0,0,10,0,PASS,2.567584,2.780166,0.862,0.742,0.862,0.732,0.835,0.686,0.860,0.647
0.8,-1,0,0,10,1,Air3 miss,2.567584,3.490165,0.862,0.742,0.745,0.732,0.193,0.686,0,0
0.8,-1,0,4,5,0,PASS,2.214779,2.377666,0.862,0.735,0.862,0.736,0.835,0.737,0.860,0.754
0.8,-1,0,4,5,1,PASS,2.214779,2.377666,0.628,0.735,0.512,0.736,0.252,0.737,-0.073,0.754
0.8,-1,0,4,8,0,PASS,2.378029,2.780166,0.862,0.735,0.862,0.736,0.835,0.739,0.860,0.758
0.8,-1,0,4,8,1,Air3 miss,2.378029,3.490165,0.628,0.735,0.512,0.736,0.077,0.739,0,0
0.8,-1,0,4,10,0,PASS,2.469584,2.998499,0.862,0.735,0.862,0.736,0.835,0.740,0.860,0.762
0.8,-1,0,4,10,1,Air3 miss,2.469584,3.490165,0.628,0.735,0.512,0.736,-0.040,0.740,0,0
0.8,-1,0,8,5,0,PASS,2.171223,2.656,0.862,0.750,0.862,0.762,0.835,0.786,0.860,0.836
0.8,-1,0,8,5,1,Air3 miss,2.171223,3.490165,0.395,0.750,0.278,0.762,0.018,0.786,0,0
0.8,-1,0,8,8,0,PASS,2.301807,2.998499,0.862,0.750,0.862,0.762,0.835,0.804,0.860,0.873
0.8,-1,0,8,8,1,Air3 miss,2.301807,3.490165,0.395,0.750,0.278,0.762,-0.157,0.804,0,0
0.8,-1,0,8,10,0,PASS,2.371585,3.176832,0.862,0.750,0.862,0.762,0.835,0.816,0.860,0.899
0.8,-1,0,8,10,1,Air2 miss,2.426585,3.490165,0.395,0.750,0.278,0.762,0,0,0,0
0.8,-1,4,0,5,0,PASS,2.258334,2.059333,0.862,0.742,0.862,0.732,0.835,0.711,0.860,0.695
0.8,-1,4,0,5,1,PASS,2.258334,2.059333,0.862,0.742,0.745,0.732,0.485,0.711,0.160,0.695
0.8,-1,4,0,8,0,PASS,2.454251,2.521833,0.862,0.742,0.862,0.732,0.835,0.696,0.860,0.666
0.8,-1,4,0,8,1,PASS,2.454251,2.521833,0.862,0.742,0.745,0.732,0.310,0.696,-0.190,0.666
0.8,-1,4,0,10,0,PASS,2.567584,2.780166,0.862,0.742,0.862,0.732,0.835,0.686,0.860,0.647
0.8,-1,4,0,10,1,Air3 miss,2.567584,3.490165,0.862,0.742,0.745,0.732,0.193,0.686,0,0
0.8,-1,4,4,5,0,PASS,2.214779,2.377666,0.862,0.735,0.862,0.736,0.835,0.737,0.860,0.754
0.8,-1,4,4,5,1,PASS,2.214779,2.377666,0.628,0.735,0.512,0.736,0.252,0.737,-0.073,0.754
0.8,-1,4,4,8,0,PASS,2.378029,2.780166,0.862,0.735,0.862,0.736,0.835,0.739,0.860,0.758
0.8,-1,4,4,8,1,Air3 miss,2.378029,3.490165,0.628,0.735,0.512,0.736,0.077,0.739,0,0
0.8,-1,4,4,10,0,PASS,2.469584,2.998499,0.862,0.735,0.862,0.736,0.835,0.740,0.860,0.762
0.8,-1,4,4,10,1,Air3 miss,2.469584,3.490165,0.628,0.735,0.512,0.736,-0.040,0.740,0,0
0.8,-1,4,8,5,0,PASS,2.171223,2.656,0.862,0.750,0.862,0.762,0.835,0.786,0.860,0.836
0.8,-1,4,8,5,1,Air3 miss,2.171223,3.490165,0.395,0.750,0.278,0.762,0.018,0.786,0,0
0.8,-1,4,8,8,0,PASS,2.301807,2.998499,0.862,0.750,0.862,0.762,0.835,0.804,0.860,0.873
0.8,-1,4,8,8,1,Air3 miss,2.301807,3.490165,0.395,0.750,0.278,0.762,-0.157,0.804,0,0
0.8,-1,4,8,10,0,PASS,2.371585,3.176832,0.862,0.750,0.862,0.762,0.835,0.816,0.860,0.899
0.8,-1,4,8,10,1,Air2 miss,2.426585,3.490165,0.395,0.750,0.278,0.762,0,0,0,0
0.8,-1,8,0,5,0,PASS,2.269223,2.142667,0.862,0.977,0.862,0.953,0.835,0.907,0.860,0.852
0.8,-1,8,0,5,1,PASS,2.269223,2.142667,0.862,0.977,0.745,0.953,0.485,0.907,0.160,0.852
0.8,-1,8,0,8,0,PASS,2.473307,2.590166,0.862,0.977,0.862,0.953,0.835,0.873,0.860,0.785
0.8,-1,8,0,8,1,PASS,2.473307,2.590166,0.862,0.977,0.745,0.953,0.310,0.873,-0.190,0.785
0.8,-1,8,0,10,0,PASS,2.592084,2.8385,0.862,0.977,0.862,0.953,0.835,0.850,0.860,0.741
0.8,-1,8,0,10,1,Air3 miss,2.592084,3.490165,0.862,0.977,0.745,0.953,0.193,0.850,0,0
0.8,-1,8,4,5,0,PASS,2.225668,2.451,0.862,0.944,0.862,0.932,0.835,0.908,0.860,0.886
0.8,-1,8,4,5,1,PASS,2.225668,2.451,0.628,0.944,0.512,0.932,0.252,0.908,-0.073,0.886
0.8,-1,8,4,8,0,PASS,2.397084,2.8385,0.862,0.944,0.862,0.932,0.835,0.890,0.860,0.852
0.8,-1,8,4,8,1,Air3 miss,2.397084,3.490165,0.628,0.944,0.512,0.932,0.077,0.890,0,0
0.8,-1,8,4,10,0,PASS,2.494084,3.046833,0.862,0.944,0.862,0.932,0.835,0.878,0.860,0.830
0.8,-1,8,4,10,1,Air3 miss,2.494084,3.490165,0.628,0.944,0.512,0.932,-0.040,0.878,0,0
0.8,-1,8,8,5,0,Air3 miss,2.182112,3.490165,0.862,0.933,0.862,0.932,0.835,0.931,0,0
0.8,-1,8,8,5,1,Air3 miss,2.182112,3.490165,0.395,0.933,0.278,0.932,0.018,0.931,0,0
0.8,-1,8,8,8,0,Air3 miss,2.320862,3.490165,0.862,0.933,0.862,0.932,0.835,0.930,0,0
0.8,-1,8,8,8,1,Air3 miss,2.320862,3.490165,0.395,0.933,0.278,0.932,-0.157,0.930,0,0
0.8,-1,8,8,10,0,Air3 miss,2.396085,3.490165,0.862,0.933,0.862,0.932,0.835,0.929,0,0
0.8,-1,8,8,10,1,Air2 miss,2.456529,3.490165,0.395,0.933,0.278,0.932,0,0,0,0
0.8,-1,12,0,5,0,Air1 miss,2.409168,3.490165,0.862,1.405,0,0,0,0,0,0
0.8,-1,12,0,5,1,Air1 miss,2.409168,3.490165,0.862,1.405,0,0,0,0,0,0
0.8,-1,12,0,8,0,Air1 miss,2.409168,3.490165,0.862,1.405,0,0,0,0,0,0
0.8,-1,12,0,8,1,Air1 miss,2.409168,3.490165,0.862,1.405,0,0,0,0,0,0
0.8,-1,12,0,10,0,Air1 miss,2.409168,3.490165,0.862,1.405,0,0,0,0,0,0
0.8,-1,12,0,10,1,Air1 miss,2.409168,3.490165,0.862,1.405,0,0,0,0,0,0
0.8,-1,12,4,5,0,Air1 miss,2.343834,3.490165,0.862,1.332,0,0,0,0,0,0
0.8,-1,12,4,5,1,Air1 miss,2.343834,3.490165,0.628,1.332,0,0,0,0,0,0
0.8,-1,12,4,8,0,Air1 miss,2.343834,3.490165,0.862,1.332,0,0,0,0,0,0
0.8,-1,12,4,8,1,Air1 miss,2.343834,3.490165,0.628,1.332,0,0,0,0,0,0
0.8,-1,12,4,10,0,Air1 miss,2.343834,3.490165,0.862,1.332,0,0,0,0,0,0
0.8,-1,12,4,10,1,Air1 miss,2.343834,3.490165,0.628,1.332,0,0,0,0,0,0
0.8,-1,12,8,5,0,Air1 miss,2.278501,3.490165,0.862,1.282,0,0,0,0,0,0
0.8,-1,12,8,5,1,Air1 miss,2.278501,3.490165,0.395,1.282,0,0,0,0,0,0
0.8,-1,12,8,8,0,Air1 miss,2.278501,3.490165,0.862,1.282,0,0,0,0,0,0
0.8,-1,12,8,8,1,Air1 miss,2.278501,3.490165,0.395,1.282,0,0,0,0,0,0
0.8,-1,12,8,10,0,Air1 miss,2.278501,3.490165,0.862,1.282,0,0,0,0,0,0
0.8,-1,12,8,10,1,Air1 miss,2.278501,3.490165,0.395,1.282,0,0,0,0,0,0
1,1,0,0,5,0,Air1 miss,2.392834,3.490165,1.062,0.742,0,0,0,0,0,0
1,1,0,0,5,1,PASS,2.258334,2.059333,1.062,0.742,0.945,0.732,0.685,0.711,0.360,0.695
1,1,0,0,8,0,Air1 miss,2.392834,3.490165,1.062,0.742,0,0,0,0,0,0
1,1,0,0,8,1,PASS,2.454251,2.521833,1.062,0.742,0.945,0.732,0.510,0.696,0.010,0.666
1,1,0,0,10,0,Air1 miss,2.392834,3.490165,1.062,0.742,0,0,0,0,0,0
1,1,0,0,10,1,PASS,2.567584,2.780166,1.062,0.742,0.945,0.732,0.393,0.686,-0.223,0.647
1,1,0,4,5,0,Air1 miss,2.327501,3.490165,1.062,0.735,0,0,0,0,0,0
1,1,0,4,5,1,PASS,2.214779,2.377666,0.828,0.735,0.712,0.736,0.452,0.737,0.127,0.754
1,1,0,4,8,0,Air1 miss,2.327501,3.490165,1.062,0.735,0,0,0,0,0,0
1,1,0,4,8,1,PASS,2.378029,2.780166,0.828,0.735,0.712,0.736,0.277,0.739,-0.223,0.758
1,1,0,4,10,0,Air1 miss,2.327501,3.490165,1.062,0.735,0,0,0,0,0,0
1,1,0,4,10,1,Air3 miss,2.469584,3.490165,0.828,0.735,0.712,0.736,0.160,0.740,0,0
1,1,0,8,5,0,Air1 miss,2.262168,3.490165,1.062,0.750,0,0,0,0,0,0
1,1,0,8,5,1,PASS,2.171223,2.656,0.595,0.750,0.478,0.762,0.218,0.786,-0.107,0.836
1,1,0,8,8,0,Air1 miss,2.262168,3.490165,1.062,0.750,0,0,0,0,0,0
1,1,0,8,8,1,Air3 miss,2.301807,3.490165,0.595,0.750,0.478,0.762,0.043,0.804,0,0
1,1,0,8,10,0,Air1 miss,2.262168,3.490165,1.062,0.750,0,0,0,0,0,0
1,1,0,8,10,1,Air3 miss,2.371585,3.490165,0.595,0.750,0.478,0.762,-0.073,0.816,0,0
1,1,4,0,5,0,Air1 miss,2.392834,3.490165,1.062,0.742,0,0,0,0,0,0
1,1,4,0,5,1,PASS,2.258334,2.059333,1.062,0.742,0.945,0.732,0.685,0.711,0.360,0.695
1,1,4,0,8,0,Air1 miss,2.392834,3.490165,1.062,0.742,0,0,0,0,0,0
1,1,4,0,8,1,PASS,2.454251,2.521833,1.062,0.742,0.945,0.732,0.510,0.696,0.010,0.666
1,1,4,0,10,0,Air1 miss,2.392834,3.490165,1.062,0.742,0,0,0,0,0,0
1,1,4,0,10,1,PASS,2.567584,2.780166,1.062,0.742,0.945,0.732,0.393,0.686,-0.223,0.647
1,1,4,4,5,0,Air1 miss,2.327501,3.490165,1.062,0.735,0,0,0,0,0,0
1,1,4,4,5,1,PASS,2.214779,2.377666,0.828,0.735,0.712,0.736,0.452,0.737,0.127,0.754
1,1,4,4,8,0,Air1 miss,2.327501,3.490165,1.062,0.735,0,0,0,0,0,0
1,1,4,4,8,1,PASS,2.378029,2.780166,0.828,0.735,0.712,0.736,0.277,0.739,-0.223,0.758
1,1,4,4,10,0,Air1 miss,2.327501,3.490165,1.062,0.735,0,0,0,0,0,0
1,1,4,4,10,1,Air3 miss,2.469584,3.490165,0.828,0.735,0.712,0.736,0.160,0.740,0,0
1,1,4,8,5,0,Air1 miss,2.262168,3.490165,1.062,0.750,0,0,0,0,0,0
1,1,4,8,5,1,PASS,2.171223,2.656,0.595,0.750,0.478,0.762,0.218,0.786,-0.107,0.836
1,1,4,8,8,0,Air1 miss,2.262168,3.490165,1.062,0.750,0,0,0,0,0,0
1,1,4,8,8,1,Air3 miss,2.301807,3.490165,0.595,0.750,0.478,0.762,0.043,0.804,0,0
1,1,4,8,10,0,Air1 miss,2.262168,3.490165,1.062,0.750,0,0,0,0,0,0
1,1,4,8,10,1,Air3 miss,2.371585,3.490165,0.595,0.750,0.478,0.762,-0.073,0.816,0,0
1,1,8,0,5,0,Air1 miss,2.409168,3.490165,1.062,0.977,0,0,0,0,0,0
1,1,8,0,5,1,PASS,2.269223,2.142667,1.062,0.977,0.945,0.953,0.685,0.907,0.360,0.852
1,1,8,0,8,0,Air1 miss,2.409168,3.490165,1.062,0.977,0,0,0,0,0,0
1,1,8,0,8,1,PASS,2.473307,2.590166,1.062,0.977,0.945,0.953,0.510,0.873,0.010,0.785
1,1,8,0,10,0,Air1 miss,2.409168,3.490165,1.062,0.977,0,0,0,0,0,0
1,1,8,0,10,1,PASS,2.592084,2.8385,1.062,0.977,0.945,0.953,0.393,0.850,-0.223,0.741
1,1,8,4,5,0,Air1 miss,2.343834,3.490165,1.062,0.944,0,0,0,0,0,0
1,1,8,4,5,1,PASS,2.225668,2.451,0.828,0.944,0.712,0.932,0.452,0.908,0.127,0.886
1,1,8,4,8,0,Air1 miss,2.343834,3.490165,1.062,0.944,0,0,0,0,0,0
1,1,8,4,8,1,PASS,2.397084,2.8385,0.828,0.944,0.712,0.932,0.277,0.890,-0.223,0.852
1,1,8,4,10,0,Air1 miss,2.343834,3.490165,1.062,0.944,0,0,0,0,0,0
1,1,8,4,10,1,Air3 miss,2.494084,3.490165,0.828,0.944,0.712,0.932,0.160,0.878,0,0
1,1,8,8,5,0,Air1 miss,2.278501,3.490165,1.062,0.933,0,0,0,0,0,0
1,1,8,8,5,1,Air3 miss,2.182112,3.490165,0.595,0.933,0.478,0.932,0.218,0.931,0,0
1,1,8,8,8,0,Air1 miss,2.278501,3.490165,1.062,0.933,0,0,0,0,0,0
1,1,8,8,8,1,Air3 miss,2.320862,3.490165,0.595,0.933,0.478,0.932,0.043,0.930,0,0
1,1,8,8,10,0,Air1 miss,2.278501,3.490165,1.062,0.933,0,0,0,0,0,0
1,1,8,8,10,1,Air3 miss,2.396085,3.490165,0.595,0.933,0.478,0.932,-0.073,0.929,0,0
1,1,12,0,5,0,Air1 miss,2.409168,3.490165,1.062,1.405,0,0,0,0,0,0
1,1,12,0,5,1,Air1 miss,2.409168,3.490165,1.062,1.405,0,0,0,0,0,0
1,1,12,0,8,0,Air1 miss,2.409168,3.490165,1.062,1.405,0,0,0,0,0,0
1,1,12,0,8,1,Air1 miss,2.409168,3.490165,1.062,1.405,0,0,0,0,0,0
1,1,12,0,10,0,Air1 miss,2.409168,3.490165,1.062,1.405,0,0,0,0,0,0
1,1,12,0,10,1,Air1 miss,2.409168,3.490165,1.062,1.405,0,0,0,0,0,0
1,1,12,4,5,0,Air1 miss,2.343834,3.490165,1.062,1.332,0,0,0,0,0,0
1,1,12,4,5,1,Air1 miss,2.343834,3.490165,0.828,1.332,0,0,0,0,0,0
1,1,12,4,8,0,Air1 miss,2.343834,3.490165,1.062,1.332,0,0,0,0,0,0
1,1,12,4,8,1,Air1 miss,2.343834,3.490165,0.828,1.332,0,0,0,0,0,0
1,1,12,4,10,0,Air1 miss,2.343834,3.490165,1.062,1.332,0,0,0,0,0,0
1,1,12,4,10,1,Air1 miss,2.343834,3.490165,0.828,1.332,0,0,0,0,0,0
1,1,12,8,5,0,Air1 miss,2.278501,3.490165,1.062,1.282,0,0,0,0,0,0
1,1,12,8,5,1,Air1 miss,2.278501,3.490165,0.595,1.282,0,0,0,0,0,0
1,1,12,8,8,0,Air1 miss,2.278501,3.490165,1.062,1.282,0,0,0,0,0,0
1,1,12,8,8,1,Air1 miss,2.278501,3.490165,0.595,1.282,0,0,0,0,0,0
1,1,12,8,10,0,Air1 miss,2.278501,3.490165,1.062,1.282,0,0,0,0,0,0
1,1,12,8,10,1,Air1 miss,2.278501,3.490165,0.595,1.282,0,0,0,0,0,0
1,-1,0,0,5,0,Air1 miss,2.392834,3.490165,1.062,0.742,0,0,0,0,0,0
1,-1,0,0,5,1,PASS,2.258334,2.059333,1.062,0.742,0.945,0.732,0.685,0.711,0.360,0.695
1,-1,0,0,8,0,Air1 miss,2.392834,3.490165,1.062,0.742,0,0,0,0,0,0
1,-1,0,0,8,1,PASS,2.454251,2.521833,1.062,0.742,0.945,0.732,0.510,0.696,0.010,0.666
1,-1,0,0,10,0,Air1 miss,2.392834,3.490165,1.062,0.742,0,0,0,0,0,0
1,-1,0,0,10,1,PASS,2.567584,2.780166,1.062,0.742,0.945,0.732,0.393,0.686,-0.223,0.647
1,-1,0,4,5,0,Air1 miss,2.327501,3.490165,1.062,0.735,0,0,0,0,0,0
1,-1,0,4,5,1,PASS,2.214779,2.377666,0.828,0.735,0.712,0.736,0.452,0.737,0.127,0.754
1,-1,0,4,8,0,Air1 miss,2.327501,3.490165,1.062,0.735,0,0,0,0,0,0
1,-1,0,4,8,1,PASS,2.378029,2.780166,0.828,0.735,0.712,0.736,0.277,0.739,-0.223,0.758
1,-1,0,4,10,0,Air1 miss,2.327501,3.490165,1.062,0.735,0,0,0,0,0,0
1,-1,0,4,10,1,Air3 miss,2.469584,3.490165,0.828,0.735,0.712,0.736,0.160,0.740,0,0
1,-1,0,8,5,0,Air1 miss,2.262168,3.490165,1.062,0.750,0,0,0,0,0,0
1,-1,0,8,5,1,PASS,2.171223,2.656,0.595,0.750,0.478,0.762,0.218,0.786,-0.107,0.836
1,-1,0,8,8,0,Air1 miss,2.262168,3.490165,1.062,0.750,0,0,0,0,0,0
1,-1,0,8,8,1,Air3 miss,2.301807,3.490165,0.595,0.750,0.478,0.762,0.043,0.804,0,0
1,-1,0,8,10,0,Air1 miss,2.262168,3.490165,1.062,0.750,0,0,0,0,0,0
1,-1,0,8,10,1,Air3 miss,2.371585,3.490165,0.595,0.750,0.478,0.762,-0.073,0.816,0,0
1,-1,4,0,5,0,Air1 miss,2.392834,3.490165,1.062,0.742,0,0,0,0,0,0
1,-1,4,0,5,1,PASS,2.258334,2.059333,1.062,0.742,0.945,0.732,0.685,0.711,0.360,0.695
1,-1,4,0,8,0,Air1 miss,2.392834,3.490165,1.062,0.742,0,0,0,0,0,0
1,-1,4,0,8,1,PASS,2.454251,2.521833,1.062,0.742,0.945,0.732,0.510,0.696,0.010,0.666
1,-1,4,0,10,0,Air1 miss,2.392834,3.490165,1.062,0.742,0,0,0,0,0,0
1,-1,4,0,10,1,PASS,2.567584,2.780166,1.062,0.742,0.945,0.732,0.393,0.686,-0.223,0.647
1,-1,4,4,5,0,Air1 miss,2.327501,3.490165,1.062,0.735,0,0,0,0,0,0
1,-1,4,4,5,1,PASS,2.214779,2.377666,0.828,0.735,0.712,0.736,0.452,0.737,0.127,0.754
1,-1,4,4,8,0,Air1 miss,2.327501,3.490165,1.062,0.735,0,0,0,0,0,0
1,-1,4,4,8,1,PASS,2.378029,2.780166,0.828,0.735,0.712,0.736,0.277,0.739,-0.223,0.758
1,-1,4,4,10,0,Air1 miss,2.327501,3.490165,1.062,0.735,0,0,0,0,0,0
1,-1,4,4,10,1,Air3 miss,2.469584,3.490165,0.828,0.735,0.712,0.736,0.160,0.740,0,0
1,-1,4,8,5,0,Air1 miss,2.262168,3.490165,1.062,0.750,0,0,0,0,0,0
1,-1,4,8,5,1,PASS,2.171223,2.656,0.595,0.750,0.478,0.762,0.218,0.786,-0.107,0.836
1,-1,4,8,8,0,Air1 miss,2.262168,3.490165,1.062,0.750,0,0,0,0,0,0
1,-1,4,8,8,1,Air3 miss,2.301807,3.490165,0.595,0.750,0.478,0.762,0.043,0.804,0,0
1,-1,4,8,10,0,Air1 miss,2.262168,3.490165,1.062,0.750,0,0,0,0,0,0
1,-1,4,8,10,1,Air3 miss,2.371585,3.490165,0.595,0.750,0.478,0.762,-0.073,0.816,0,0
1,-1,8,0,5,0,Air1 miss,2.409168,3.490165,1.062,0.977,0,0,0,0,0,0
1,-1,8,0,5,1,PASS,2.269223,2.142667,1.062,0.977,0.945,0.953,0.685,0.907,0.360,0.852
1,-1,8,0,8,0,Air1 miss,2.409168,3.490165,1.062,0.977,0,0,0,0,0,0
1,-1,8,0,8,1,PASS,2.473307,2.590166,1.062,0.977,0.945,0.953,0.510,0.873,0.010,0.785
1,-1,8,0,10,0,Air1 miss,2.409168,3.490165,1.062,0.977,0,0,0,0,0,0
1,-1,8,0,10,1,PASS,2.592084,2.8385,1.062,0.977,0.945,0.953,0.393,0.850,-0.223,0.741
1,-1,8,4,5,0,Air1 miss,2.343834,3.490165,1.062,0.944,0,0,0,0,0,0
1,-1,8,4,5,1,PASS,2.225668,2.451,0.828,0.944,0.712,0.932,0.452,0.908,0.127,0.886
1,-1,8,4,8,0,Air1 miss,2.343834,3.490165,1.062,0.944,0,0,0,0,0,0
1,-1,8,4,8,1,PASS,2.397084,2.8385,0.828,0.944,0.712,0.932,0.277,0.890,-0.223,0.852
1,-1,8,4,10,0,Air1 miss,2.343834,3.490165,1.062,0.944,0,0,0,0,0,0
1,-1,8,4,10,1,Air3 miss,2.494084,3.490165,0.828,0.944,0.712,0.932,0.160,0.878,0,0
1,-1,8,8,5,0,Air1 miss,2.278501,3.490165,1.062,0.933,0,0,0,0,0,0
1,-1,8,8,5,1,Air3 miss,2.182112,3.490165,0.595,0.933,0.478,0.932,0.218,0.931,0,0
1,-1,8,8,8,0,Air1 miss,2.278501,3.490165,1.062,0.933,0,0,0,0,0,0
1,-1,8,8,8,1,Air3 miss,2.320862,3.490165,0.595,0.933,0.478,0.932,0.043,0.930,0,0
1,-1,8,8,10,0,Air1 miss,2.278501,3.490165,1.062,0.933,0,0,0,0,0,0
1,-1,8,8,10,1,Air3 miss,2.396085,3.490165,0.595,0.933,0.478,0.932,-0.073,0.929,0,0
1,-1,12,0,5,0,Air1 miss,2.409168,3.490165,1.062,1.405,0,0,0,0,0,0
1,-1,12,0,5,1,Air1 miss,2.409168,3.490165,1.062,1.405,0,0,0,0,0,0
1,-1,12,0,8,0,Air1 miss,2.409168,3.490165,1.062,1.405,0,0,0,0,0,0
1,-1,12,0,8,1,Air1 miss,2.409168,3.490165,1.062,1.405,0,0,0,0,0,0
1,-1,12,0,10,0,Air1 miss,2.409168,3.490165,1.062,1.405,0,0,0,0,0,0
1,-1,12,0,10,1,Air1 miss,2.409168,3.490165,1.062,1.405,0,0,0,0,0,0
1,-1,12,4,5,0,Air1 miss,2.343834,3.490165,1.062,1.332,0,0,0,0,0,0
1,-1,12,4,5,1,Air1 miss,2.343834,3.490165,0.828,1.332,0,0,0,0,0,0
1,-1,12,4,8,0,Air1 miss,2.343834,3.490165,1.062,1.332,0,0,0,0,0,0
1,-1,12,4,8,1,Air1 miss,2.343834,3.490165,0.828,1.332,0,0,0,0,0,0
1,-1,12,4,10,0,Air1 miss,2.343834,3.490165,1.062,1.332,0,0,0,0,0,0
1,-1,12,4,10,1,Air1 miss,2.343834,3.490165,0.828,1.332,0,0,0,0,0,0
1,-1,12,8,5,0,Air1 miss,2.278501,3.490165,1.062,1.282,0,0,0,0,0,0
1,-1,12,8,5,1,Air1 miss,2.278501,3.490165,0.595,1.282,0,0,0,0,0,0
1,-1,12,8,8,0,Air1 miss,2.278501,3.490165,1.062,1.282,0,0,0,0,0,0
1,-1,12,8,8,1,Air1 miss,2.278501,3.490165,0.595,1.282,0,0,0,0,0,0
1,-1,12,8,10,0,Air1 miss,2.278501,3.490165,1.062,1.282,0,0,0,0,0,0
1,-1,12,8,10,1,Air1 miss,2.278501,3.490165,0.595,1.282,0,0,0,0,0,0
